"item_no","product_name","current_bc_item_category_code","current_bc_inventory_posting_group","current_website_division","current_website_category","current_requires_rx","current_age_restricted","approved_bc_item_category_code","approved_bc_inventory_posting_group","approved_division","approved_category","approved_requires_rx","approved_age_restricted","approved_online_listing","approval_reference","notes"
"BP0054","Nestle Nan 1 400Gm","PHARMACY & RETAIL","FOODSTUFFS","Pharmacy","Staples","false","false","","","","","","","","",""
"CH0084","Dental Floss Mint 50M","PHARMACY & RETAIL","CUTLERY AND HOUSEHOL","Pharmacy","Household","false","false","","","","","","","","",""
"CH0107","Transport Cost  400 /","PHARMACY & RETAIL","FOODSTUFFS","Pharmacy","Staples","false","false","","","","","","","","",""
"CH0188","Velvex Coton Wool 50Gm","PHARMACY","CUTLERY AND HOUSEHOL","Pharmacy","Household","true","false","","","","","","","","",""
"FS0385","Transport Cost 150/-","PHARMACY & RETAIL","FOODSTUFFS","Pharmacy","Staples","false","false","","","","","","","","",""
"FS0904","4x6 Pharmacy Printed Bag","PHARMACY & RETAIL","FOODSTUFFS","Pharmacy","Staples","false","false","","","","","","","","",""
"FS0905","No.2 Pharmacy Printed Grocery Bag","PHARMACY & RETAIL","FOODSTUFFS","Pharmacy","Staples","false","false","","","","","","","","",""
"FS0906","No. 6 Pharmacy Printed Grocery Bag","PHARMACY & RETAIL","FOODSTUFFS","Pharmacy","Staples","false","false","","","","","","","","",""
"MIP0406","Liptomil Plus 1 (0-6 Months) 400g","PHARMACY & RETAIL","MILK PRODUCTSS","Pharmacy","Dairy & eggs","false","false","","","","","","","","",""
"MIP0414","Liptomil Plus 2 (6-12 Months) 400g","PHARMACY & RETAIL","MILK PRODUCTSS","Pharmacy","Dairy & eggs","false","false","","","","","","","","",""
"SD0332","Confidence Adult Diapers Hc L10","PHARMACY & RETAIL","FOODSTUFFS","Pharmacy","Staples","false","false","","","","","","","","",""
"SOD1096","Sedoso Shower Gel Invigorating 1300Ml","PHARMACY & RETAIL","SOAPS & DETERGENTS","Pharmacy","Household","false","false","","","","","","","","",""
"STA0047","Economic Hard Cover Notebook A6","PHARMACY & RETAIL","STATIONARY","Pharmacy","Books & stationery","false","false","","","","","","","","",""
