"Item No","Name","Current BC Category","Current BC Item Category Code","Suggested change","Why","Confirm (Yes/No)"
"BEV0881","XanaLife Yoghurt 500Ml","BEVERAGES","RETAIL","Set item category code to DELI","Xana kitchen or bakery item (by name)",""
"DEL0001","Xanalife Chicken Bbq Pizza- Large","FOODSTUFFS","RETAIL","Set item category code to DELI","Deli item number (DEL...) but not coded DELI",""
"DEL0002","Xanalife Chicken Bbq Pizza - Medium","FOODSTUFFS","RETAIL","Set item category code to DELI","Deli item number (DEL...) but not coded DELI",""
"DEL0003","Xanalife Chicken Bbq Pizza- Small","FOODSTUFFS","RETAIL","Set item category code to DELI","Deli item number (DEL...) but not coded DELI",""
"DEL0004","Xanalife Chicken Periperi- Large","FOODSTUFFS","RETAIL","Set item category code to DELI","Deli item number (DEL...) but not coded DELI",""
"DEL0005","Xanalife Chicken Periperi- Medium","FOODSTUFFS","RETAIL","Set item category code to DELI","Deli item number (DEL...) but not coded DELI",""
"DEL0006","Xanalife Chicken Periperi- Small","FOODSTUFFS","RETAIL","Set item category code to DELI","Deli item number (DEL...) but not coded DELI",""
"DEL0007","XanaLife Bbq Steak- Large","FOODSTUFFS","RETAIL","Set item category code to DELI","Deli item number (DEL...) but not coded DELI",""
"DEL0008","XanaLife Bbq Steak- Medium","FOODSTUFFS","RETAIL","Set item category code to DELI","Deli item number (DEL...) but not coded DELI",""
"DEL0009","XanaLife Bbq Steak- Small","FOODSTUFFS","RETAIL","Set item category code to DELI","Deli item number (DEL...) but not coded DELI",""
"DEL0010","Xanalife Pizza  Chicken Tikka Pizza- Large","FOODSTUFFS","RETAIL","Set item category code to DELI","Deli item number (DEL...) but not coded DELI",""
"DEL0011","XanaLife Pizza  Chicken Tikka- Medium","FOODSTUFFS","RETAIL","Set item category code to DELI","Deli item number (DEL...) but not coded DELI",""
"DEL0012","XanaLife Pizza  Chicken Tikka- Small","FOODSTUFFS","RETAIL","Set item category code to DELI","Deli item number (DEL...) but not coded DELI",""
"DEL0013","XanaLife Hawaiian - Large","FOODSTUFFS","RETAIL","Set item category code to DELI","Deli item number (DEL...) but not coded DELI",""
"DEL0014","XanaLife Hawaiian- Medium","FOODSTUFFS","RETAIL","Set item category code to DELI","Deli item number (DEL...) but not coded DELI",""
"DEL0015","XanaLife Hawaiian- Small","FOODSTUFFS","RETAIL","Set item category code to DELI","Deli item number (DEL...) but not coded DELI",""
"DEL0016","XanaLife Boerewors - Large","FOODSTUFFS","RETAIL","Set item category code to DELI","Deli item number (DEL...) but not coded DELI",""
"DEL0017","XanaLife Boerewors- Medium","FOODSTUFFS","RETAIL","Set item category code to DELI","Deli item number (DEL...) but not coded DELI",""
"DEL0018","XanaLife Boerewors- Small","FOODSTUFFS","RETAIL","Set item category code to DELI","Deli item number (DEL...) but not coded DELI",""
"DEL0019","XanaLife Grilled Chicken Full","FOODSTUFFS","RETAIL","Set item category code to DELI","Deli item number (DEL...) but not coded DELI",""
"DEL0020","XanaLife Beef Stew 1kg","FOODSTUFFS","RETAIL","Set item category code to DELI","Deli item number (DEL...) but not coded DELI",""
"DEL0021","XanaLife Pilau","FOODSTUFFS","RETAIL","Set item category code to DELI","Deli item number (DEL...) but not coded DELI",""
"DEL0022","XanaLife Chapati","FOODSTUFFS","RETAIL","Set item category code to DELI","Deli item number (DEL...) but not coded DELI",""
"DEL0023","XanaLife Chicken Masala","FOODSTUFFS","RETAIL","Set item category code to DELI","Deli item number (DEL...) but not coded DELI",""
"DEL0024","XanaLife Vegetable Sallad","FOODSTUFFS","RETAIL","Set item category code to DELI","Deli item number (DEL...) but not coded DELI",""
"DEL0025","XanaLife Bajia","FOODSTUFFS","RETAIL","Set item category code to DELI","Deli item number (DEL...) but not coded DELI",""
"DEL0026","XanaLife Chips Per Kg","FOODSTUFFS","RETAIL","Set item category code to DELI","Deli item number (DEL...) but not coded DELI",""
"DEL0027","XanaLife Samosa","FOODSTUFFS","RETAIL","Set item category code to DELI","Deli item number (DEL...) but not coded DELI",""
"DEL0028","XanaLife Kebab","FOODSTUFFS","RETAIL","Set item category code to DELI","Deli item number (DEL...) but not coded DELI",""
"DEL0029","XanaLife White Bread - 400 G","FOODSTUFFS","RETAIL","Set item category code to DELI","Deli item number (DEL...) but not coded DELI",""
"DEL0030","XanaLife White Bread - 600 G","FOODSTUFFS","RETAIL","Set item category code to DELI","Deli item number (DEL...) but not coded DELI",""
"DEL0031","XanaLife White Bread - 800 G","FOODSTUFFS","RETAIL","Set item category code to DELI","Deli item number (DEL...) but not coded DELI",""
"DEL0032","XanaLife Brown Bread - 400 G","FOODSTUFFS","RETAIL","Set item category code to DELI","Deli item number (DEL...) but not coded DELI",""
"DEL0033","XanaLife Brown Bread - 600 G","FOODSTUFFS","RETAIL","Set item category code to DELI","Deli item number (DEL...) but not coded DELI",""
"DEL0034","XanaLife Brown Bread - 800 G","FOODSTUFFS","RETAIL","Set item category code to DELI","Deli item number (DEL...) but not coded DELI",""
"DEL0035","XanaLife Sweet Bread - 400 G","FOODSTUFFS","RETAIL","Set item category code to DELI","Deli item number (DEL...) but not coded DELI",""
"DEL0036","XanaLife Sweet  Bread - 600 G","FOODSTUFFS","RETAIL","Set item category code to DELI","Deli item number (DEL...) but not coded DELI",""
"DEL0037","XanaLife Sweet Bread - 800 G","FOODSTUFFS","RETAIL","Set item category code to DELI","Deli item number (DEL...) but not coded DELI",""
"DEL0038","XanaLife Cake-  500 G","FOODSTUFFS","RETAIL","Set item category code to DELI","Deli item number (DEL...) but not coded DELI",""
"DEL0039","XanaLife Cake-  1 Kg","FOODSTUFFS","RETAIL","Set item category code to DELI","Deli item number (DEL...) but not coded DELI",""
"DEL0040","XanaLife Cake-  2 Kg","FOODSTUFFS","RETAIL","Set item category code to DELI","Deli item number (DEL...) but not coded DELI",""
"DEL0041","XanaLife Queen Cakes","FOODSTUFFS","RETAIL","Set item category code to DELI","Deli item number (DEL...) but not coded DELI",""
"DEL0042","XanaLife Croissant","FOODSTUFFS","RETAIL","Set item category code to DELI","Deli item number (DEL...) but not coded DELI",""
"DEL0043","XanaLife Cookies","FOODSTUFFS","RETAIL","Set item category code to DELI","Deli item number (DEL...) but not coded DELI",""
"DEL0044","XanaLife Scones 9 Pack","FOODSTUFFS","RETAIL","Set item category code to DELI","Deli item number (DEL...) but not coded DELI",""
"DEL0045","XanaLife Buns 6 Pack","FOODSTUFFS","RETAIL","Set item category code to DELI","Deli item number (DEL...) but not coded DELI",""
"DEL0046","XanaLife Mini Croissants","FOODSTUFFS","RETAIL","Set item category code to DELI","Deli item number (DEL...) but not coded DELI",""
"DEL0047","XanaLife Mandazi","FOODSTUFFS","RETAIL","Set item category code to DELI","Deli item number (DEL...) but not coded DELI",""
"DEL0048","XanaLife Smocha","FOODSTUFFS","RETAIL","Set item category code to DELI","Deli item number (DEL...) but not coded DELI",""
"DEL0049","XanaLife Vegetable Rice Per Kg","FOODSTUFFS","RETAIL","Set item category code to DELI","Deli item number (DEL...) but not coded DELI",""
"DEL0050","XanaLife Chicken Stew","FOODSTUFFS","RETAIL","Set item category code to DELI","Deli item number (DEL...) but not coded DELI",""
"DEL0051","XanaLife Chips Masala Per Kg","FOODSTUFFS","RETAIL","Set item category code to DELI","Deli item number (DEL...) but not coded DELI",""
"DEL0053","Xanalife Vegetable Stew","FOODSTUFFS","RETAIL","Set item category code to DELI","Deli item number (DEL...) but not coded DELI",""
"DEL0054","Xanalife Chicken Curry & Ugali","FOODSTUFFS","RETAIL","Set item category code to DELI","Deli item number (DEL...) but not coded DELI",""
"DEL0055","Xanalife Meat Pie","FOODSTUFFS","RETAIL","Set item category code to DELI","Deli item number (DEL...) but not coded DELI",""
"DEL0056","Xanalife  Sausage Roll","FOODSTUFFS","RETAIL","Set item category code to DELI","Deli item number (DEL...) but not coded DELI",""
"DEL0057","Xanalife Dawa","FOODSTUFFS","RETAIL","Set item category code to DELI","Deli item number (DEL...) but not coded DELI",""
"DEL0058","XanaLife Black Coffee","FOODSTUFFS","RETAIL","Set item category code to DELI","Deli item number (DEL...) but not coded DELI",""
"DEL0059","Xanalife Tea","FOODSTUFFS","RETAIL","Set item category code to DELI","Deli item number (DEL...) but not coded DELI",""
"DEL0060","Xanalife White Coffee","FOODSTUFFS","RETAIL","Set item category code to DELI","Deli item number (DEL...) but not coded DELI",""
"DEL0061","Xanalife White Chocolate","FOODSTUFFS","RETAIL","Set item category code to DELI","Deli item number (DEL...) but not coded DELI",""
"DEL0062","Xanalife  Plain Doughnuts","FOODSTUFFS","RETAIL","Set item category code to DELI","Deli item number (DEL...) but not coded DELI",""
"DEL0063","Xanalife American Doughnuts","FOODSTUFFS","RETAIL","Set item category code to DELI","Deli item number (DEL...) but not coded DELI",""
"DEL0064","Xanalife Chocolate Doughnuts","FOODSTUFFS","RETAIL","Set item category code to DELI","Deli item number (DEL...) but not coded DELI",""
"DEL0065","Xanalife Cinnamon Roll","FOODSTUFFS","RETAIL","Set item category code to DELI","Deli item number (DEL...) but not coded DELI",""
"DEL0066","Xanalife Danish","FOODSTUFFS","RETAIL","Set item category code to DELI","Deli item number (DEL...) but not coded DELI",""
"DEL0067","Xanalife Tea Sconse","FOODSTUFFS","RETAIL","Set item category code to DELI","Deli item number (DEL...) but not coded DELI",""
"DEL0068","Xanalife Tea Sconse(Coconut)","FOODSTUFFS","RETAIL","Set item category code to DELI","Deli item number (DEL...) but not coded DELI",""
"DEL0069","Xanalife Pinweel Cookies","FOODSTUFFS","RETAIL","Set item category code to DELI","Deli item number (DEL...) but not coded DELI",""
"DEL0070","Xanalife Ginger Cookies","FOODSTUFFS","RETAIL","Set item category code to DELI","Deli item number (DEL...) but not coded DELI",""
"DEL0071","Xanalife Coconut Crunch","FOODSTUFFS","RETAIL","Set item category code to DELI","Deli item number (DEL...) but not coded DELI",""
"DEL0072","Xanalife Rock Buns","FOODSTUFFS","RETAIL","Set item category code to DELI","Deli item number (DEL...) but not coded DELI",""
"DEL0073","XanaLife Black Forest Cake- Per Piece","FOODSTUFFS","RETAIL","Set item category code to DELI","Deli item number (DEL...) but not coded DELI",""
"DEL0074","Xanalife Whiteforest Cake-Per Piece","FOODSTUFFS","RETAIL","Set item category code to DELI","Deli item number (DEL...) but not coded DELI",""
"DEL0075","Xanalife Redvelvet Cake-Per Piece","FOODSTUFFS","RETAIL","Set item category code to DELI","Deli item number (DEL...) but not coded DELI",""
"DEL0076","Xanalife Purplevelvet Cake-Per Piece","FOODSTUFFS","RETAIL","Set item category code to DELI","Deli item number (DEL...) but not coded DELI",""
"DEL0077","Xanalife Lemon Block","FOODSTUFFS","RETAIL","Set item category code to DELI","Deli item number (DEL...) but not coded DELI",""
"DEL0078","Xanalife Vanilla Block","FOODSTUFFS","RETAIL","Set item category code to DELI","Deli item number (DEL...) but not coded DELI",""
"DEL0079","Xanalife Orange Block","FOODSTUFFS","RETAIL","Set item category code to DELI","Deli item number (DEL...) but not coded DELI",""
"DEL0080","Xanalife Passion Block","FOODSTUFFS","RETAIL","Set item category code to DELI","Deli item number (DEL...) but not coded DELI",""
"DEL0081","Xanalife Double Biscuit","FOODSTUFFS","RETAIL","Set item category code to DELI","Deli item number (DEL...) but not coded DELI",""
"DEL0082","Xanalife Cupcakes - Per Piece","FOODSTUFFS","RETAIL","Set item category code to DELI","Deli item number (DEL...) but not coded DELI",""
"DEL0083","Xanalife Cupcakes-Per Pkt","FOODSTUFFS","RETAIL","Set item category code to DELI","Deli item number (DEL...) but not coded DELI",""
"DEL0084","Xanalife Russian Bread 500  G","FOODSTUFFS","RETAIL","Set item category code to DELI","Deli item number (DEL...) but not coded DELI",""
"DEL0085","Xanalife Sweet Mandazi- 200 G (Pkt)","FOODSTUFFS","RETAIL","Set item category code to DELI","Deli item number (DEL...) but not coded DELI",""
"DEL0086","Xanalife Cocktail Mandazi- 200 G (Pkt)","FOODSTUFFS","RETAIL","Set item category code to DELI","Deli item number (DEL...) but not coded DELI",""
"DEL0087","XanaLife Arrow Roots- Per Kg","FOODSTUFFS","RETAIL","Set item category code to DELI","Deli item number (DEL...) but not coded DELI",""
"DEL0088","Xanalife Sweet Potatoes - Per Kg(White)","FOODSTUFFS","RETAIL","Set item category code to DELI","Deli item number (DEL...) but not coded DELI",""
"DEL0092","XanaLife Smokie 1Pc","FOODSTUFFS","RETAIL","Set item category code to DELI","Deli item number (DEL...) but not coded DELI",""
"DEL0093","XanaLife Sausage 1Pc","FOODSTUFFS","RETAIL","Set item category code to DELI","Deli item number (DEL...) but not coded DELI",""
"DEL0094","Deli Raw Meat","FOODSTUFFS","RETAIL","Set item category code to DELI","Deli item number (DEL...) but not coded DELI",""
"DEL0095","Xanalife White Forest Pc","FOODSTUFFS","RETAIL","Set item category code to DELI","Deli item number (DEL...) but not coded DELI",""
"DEL0096","XanaLife Grilled Chicken 1/4","FOODSTUFFS","RETAIL","Set item category code to DELI","Deli item number (DEL...) but not coded DELI",""
"DEL0097","XanaLife Grilled Chicken 1/2 Pc","FOODSTUFFS","RETAIL","Set item category code to DELI","Deli item number (DEL...) but not coded DELI",""
"DEL0099","XanaLife Ugali Portion","FOODSTUFFS","RETAIL","Set item category code to DELI","Deli item number (DEL...) but not coded DELI",""
"DEL0100","XanaLife Plain Rice per kg","FOODSTUFFS","RETAIL","Set item category code to DELI","Deli item number (DEL...) but not coded DELI",""
"DEL0101","XanaLife Loaf Cake","FOODSTUFFS","RETAIL","Set item category code to DELI","Deli item number (DEL...) but not coded DELI",""
"DEL0103","XanaLife Choco Chips","FOODSTUFFS","RETAIL","Set item category code to DELI","Deli item number (DEL...) but not coded DELI",""
"DEL0104","Dawa Drink Mug","FOODSTUFFS","RETAIL","Set item category code to DELI","Deli item number (DEL...) but not coded DELI",""
"DEL0105","XanaLife Brown Buns Pkt","FOODSTUFFS","RETAIL","Set item category code to DELI","Deli item number (DEL...) but not coded DELI",""
"DEL0106","XanaLife Sweet Buns Pkt","FOODSTUFFS","RETAIL","Set item category code to DELI","Deli item number (DEL...) but not coded DELI",""
"DEL0107","Boiled Eggs","FOODSTUFFS","RETAIL","Set item category code to DELI","Deli item number (DEL...) but not coded DELI",""
"DEL0108","XanaLife Boiled Eggs","FOODSTUFFS","RETAIL","Set item category code to DELI","Deli item number (DEL...) but not coded DELI",""
"DEL0109","Xanalife Egg Curry","FOODSTUFFS","RETAIL","Set item category code to DELI","Deli item number (DEL...) but not coded DELI",""
"DEL0111","XanaLife Muffins","FOODSTUFFS","RETAIL","Set item category code to DELI","Deli item number (DEL...) but not coded DELI",""
"DEL0112","XanaLife Coconut 600Gm","FOODSTUFFS","RETAIL","Set item category code to DELI","Deli item number (DEL...) but not coded DELI",""
"DEL0113","XanaLife Traffic Cookies","FOODSTUFFS","RETAIL","Set item category code to DELI","Deli item number (DEL...) but not coded DELI",""
"DEL0114","XanaLife Pizza Pie","FOODSTUFFS","RETAIL","Set item category code to DELI","Deli item number (DEL...) but not coded DELI",""
"DEL0115","XanaLife Chocolate  Bread 800Gm","FOODSTUFFS","RETAIL","Set item category code to DELI","Deli item number (DEL...) but not coded DELI",""
"DEL0116","XanaLife Banana Block","FOODSTUFFS","RETAIL","Set item category code to DELI","Deli item number (DEL...) but not coded DELI",""
"DEL0117","Deli Raw Minced Meat Kg","FOODSTUFFS","RETAIL","Set item category code to DELI","Deli item number (DEL...) but not coded DELI",""
"DEL0118","Virginia Beef Strips Kg","FOODSTUFFS","RETAIL","Set item category code to DELI","Deli item number (DEL...) but not coded DELI",""
"DEL0119","Virginia Chicken Kg","FOODSTUFFS","RETAIL","Set item category code to DELI","Deli item number (DEL...) but not coded DELI",""
"DEL0120","XanaLife Chicken Springroll","FOODSTUFFS","RETAIL","Set item category code to DELI","Deli item number (DEL...) but not coded DELI",""
"DEL0121","XanaLife Red Velvet 1Kg","FOODSTUFFS","RETAIL","Set item category code to DELI","Deli item number (DEL...) but not coded DELI",""
"DEL0123","XanaLife Spring Roll","FOODSTUFFS","RETAIL","Set item category code to DELI","Deli item number (DEL...) but not coded DELI",""
"DEL0124","XanaLife Greens Per Kg","FOODSTUFFS","RETAIL","Set item category code to DELI","Deli item number (DEL...) but not coded DELI",""
"DEL0125","Deli Raw Matumbo","FOODSTUFFS","RETAIL","Set item category code to DELI","Deli item number (DEL...) but not coded DELI",""
"DEL0126","XanaLife Matumbo Per Kg","FOODSTUFFS","RETAIL","Set item category code to DELI","Deli item number (DEL...) but not coded DELI",""
"DEL0128","Deli Raw Chips per Kg","FOODSTUFFS","RETAIL","Set item category code to DELI","Deli item number (DEL...) but not coded DELI",""
"DEL0129","XanaLife White Forest 1Kg","FOODSTUFFS","RETAIL","Set item category code to DELI","Deli item number (DEL...) but not coded DELI",""
"DEL0130","Espresso Coffee","FOODSTUFFS","RETAIL","Set item category code to DELI","Deli item number (DEL...) but not coded DELI",""
"DEL0131","XanaLife Purple Velvet 1.5 Kgs","FOODSTUFFS","RETAIL","Set item category code to DELI","Deli item number (DEL...) but not coded DELI",""
"DEL0133","XanaLife Pancakes Pc","FOODSTUFFS","RETAIL","Set item category code to DELI","Deli item number (DEL...) but not coded DELI",""
"DEL0135","XanaLife Vanilla Cake 1Kg","FOODSTUFFS","RETAIL","Set item category code to DELI","Deli item number (DEL...) but not coded DELI",""
"DEL0136","Xanalife Cappuccino","FOODSTUFFS","RETAIL","Set item category code to DELI","Deli item number (DEL...) but not coded DELI",""
"DEL0137","XanaLife Espresso Coffee","FOODSTUFFS","RETAIL","Set item category code to DELI","Deli item number (DEL...) but not coded DELI",""
"DEL0138","XanaLife Espresso Double Coffee","FOODSTUFFS","RETAIL","Set item category code to DELI","Deli item number (DEL...) but not coded DELI",""
"DEL0140","XanaLife Iced Latte","FOODSTUFFS","RETAIL","Set item category code to DELI","Deli item number (DEL...) but not coded DELI",""
"DEL0141","Ginger Black Tea","FOODSTUFFS","RETAIL","Set item category code to DELI","Deli item number (DEL...) but not coded DELI",""
"DEL0143","XanaLife Ginger Tea Cup","FOODSTUFFS","RETAIL","Set item category code to DELI","Deli item number (DEL...) but not coded DELI",""
"DEL0144","XanaLife Sliced Cake Pc","FOODSTUFFS","RETAIL","Set item category code to DELI","Deli item number (DEL...) but not coded DELI",""
"DEL0145","Banana + Mango Smothie Cup","FOODSTUFFS","RETAIL","Set item category code to DELI","Deli item number (DEL...) but not coded DELI",""
"DEL0147","XanaLife Omlette","FOODSTUFFS","RETAIL","Set item category code to DELI","Deli item number (DEL...) but not coded DELI",""
"DEL0148","Xanalife Fish Fried","FOODSTUFFS","RETAIL","Set item category code to DELI","Deli item number (DEL...) but not coded DELI",""
"DEL0149","Matoke/Chapati","FOODSTUFFS","RETAIL","Set item category code to DELI","Deli item number (DEL...) but not coded DELI",""
"DEL0150","Matoke/Rice","FOODSTUFFS","RETAIL","Set item category code to DELI","Deli item number (DEL...) but not coded DELI",""
"DEL0151","Tilapia Fish","FOODSTUFFS","RETAIL","Set item category code to DELI","Deli item number (DEL...) but not coded DELI",""
"DEL0152","Tilapia Chips","FOODSTUFFS","RETAIL","Set item category code to DELI","Deli item number (DEL...) but not coded DELI",""
"DEL0153","Tilapia Ugali","FOODSTUFFS","RETAIL","Set item category code to DELI","Deli item number (DEL...) but not coded DELI",""
"DEL0154","Xanalife Matoke","FOODSTUFFS","RETAIL","Set item category code to DELI","Deli item number (DEL...) but not coded DELI",""
"DEL0155","Beet It Juice 500Ml","FOODSTUFFS","RETAIL","Set item category code to DELI","Deli item number (DEL...) but not coded DELI",""
"DEL0156","Zesty Affair Juice 500Ml","FOODSTUFFS","RETAIL","Set item category code to DELI","Deli item number (DEL...) but not coded DELI",""
"DEL0157","Xanalife Fish +Ugali+Chips","FOODSTUFFS","RETAIL","Set item category code to DELI","Deli item number (DEL...) but not coded DELI",""
"DEL0158","XanaLife Family Feast","FOODSTUFFS","RETAIL","Set item category code to DELI","Deli item number (DEL...) but not coded DELI",""
"DEL0159","Chips +Pizza+Soda 1.25","FOODSTUFFS","RETAIL","Set item category code to DELI","Deli item number (DEL...) but not coded DELI",""
"DEL0162","Xanalife White Buns","FOODSTUFFS","RETAIL","Set item category code to DELI","Deli item number (DEL...) but not coded DELI",""
"DEL0163","Xanalife Mocha","FOODSTUFFS","RETAIL","Set item category code to DELI","Deli item number (DEL...) but not coded DELI",""
"DEL0166","XanaLife Githeri Per Kg","FOODSTUFFS","RETAIL","Set item category code to DELI","Deli item number (DEL...) but not coded DELI",""
"DEL0167","XanaLife Beans Per Kg","FOODSTUFFS","RETAIL","Set item category code to DELI","Deli item number (DEL...) but not coded DELI",""
"DEL0168","XanaLife Pizza Large Get 1 Small Free","FOODSTUFFS","RETAIL","Set item category code to DELI","Deli item number (DEL...) but not coded DELI",""
"DEL0169","XanaLife Pizza Double Large 1 Free","FOODSTUFFS","RETAIL","Set item category code to DELI","Deli item number (DEL...) but not coded DELI",""
"DEL0171","Xanalife Samosa 5pcs","FOODSTUFFS","RETAIL","Set item category code to DELI","Deli item number (DEL...) but not coded DELI",""
"DEL0172","XanaLife Muffins  5pcs Pack","FOODSTUFFS","RETAIL","Set item category code to DELI","Deli item number (DEL...) but not coded DELI",""
"DEL0173","XanaLife Muffins 2pk","FOODSTUFFS","RETAIL","Set item category code to DELI","Deli item number (DEL...) but not coded DELI",""
"DEL0174","Xanalife chapo+sausage+boiled egg","FOODSTUFFS","RETAIL","Set item category code to DELI","Deli item number (DEL...) but not coded DELI",""
"DEL0175","Xanalife Boiled egg+sausage","FOODSTUFFS","RETAIL","Set item category code to DELI","Deli item number (DEL...) but not coded DELI",""
"DEL0176","Xanalife sausage +chapati","FOODSTUFFS","RETAIL","Set item category code to DELI","Deli item number (DEL...) but not coded DELI",""
"DEL0177","Xanalife boiled Arrowroots+boiled sweet potatoes Per Kg","FOODSTUFFS","RETAIL","Set item category code to DELI","Deli item number (DEL...) but not coded DELI",""
"DEL0179","Xanalife boiled sweetpotatoes","FOODSTUFFS","RETAIL","Set item category code to DELI","Deli item number (DEL...) but not coded DELI",""
"DEL0180","Xanalife plain omlete +sausage","FOODSTUFFS","RETAIL","Set item category code to DELI","Deli item number (DEL...) but not coded DELI",""
"DEL0181","Xanalife samosa +boiled egg +sausage","FOODSTUFFS","RETAIL","Set item category code to DELI","Deli item number (DEL...) but not coded DELI",""
"DEL0182","Xanalife samosa +sausage","FOODSTUFFS","RETAIL","Set item category code to DELI","Deli item number (DEL...) but not coded DELI",""
"DEL0183","Xanalife Queen Cakes 6Pk","FOODSTUFFS","RETAIL","Set item category code to DELI","Deli item number (DEL...) but not coded DELI",""
"DEL0184","Xanalife Vanilla Cake 2kg","FOODSTUFFS","RETAIL","Set item category code to DELI","Deli item number (DEL...) but not coded DELI",""
"DEL0185","Xanalife Chocolate Cake 3KG","FOODSTUFFS","RETAIL","Set item category code to DELI","Deli item number (DEL...) but not coded DELI",""
"DEL0186","Xanalife  Mandazi Small","FOODSTUFFS","RETAIL","Set item category code to DELI","Deli item number (DEL...) but not coded DELI",""
"DEL0189","Strawberry Fruits 250g","FOODSTUFFS","RETAIL","Set item category code to DELI","Deli item number (DEL...) but not coded DELI",""
"DEL0190","Xanalife Mukimo Per Kg","FOODSTUFFS","RETAIL","Set item category code to DELI","Deli item number (DEL...) but not coded DELI",""
"DEL0191","Beef stew Mukimo","FOODSTUFFS","RETAIL","Set item category code to DELI","Deli item number (DEL...) but not coded DELI",""
"DEL0192","Xanalife Mandazi Small 5 Pcs","FOODSTUFFS","RETAIL","Set item category code to DELI","Deli item number (DEL...) but not coded DELI",""
"DEL0231","XanaLife Vanilla Milkshake 500Ml","FOODSTUFFS","RETAIL","Set item category code to DELI","Deli item number (DEL...) but not coded DELI",""
"DEL0232","XanaLife Chocolate Milkshake 500Ml","FOODSTUFFS","RETAIL","Set item category code to DELI","Deli item number (DEL...) but not coded DELI",""
"DEL0233","XanaLife Strawberry Milkshake 500Ml","FOODSTUFFS","RETAIL","Set item category code to DELI","Deli item number (DEL...) but not coded DELI",""
"DEL0234","XanaLife Passion Milkshake 500Ml","FOODSTUFFS","RETAIL","Set item category code to DELI","Deli item number (DEL...) but not coded DELI",""
"DEL0235","XanaLife Caramel Milkshake 500Ml","FOODSTUFFS","RETAIL","Set item category code to DELI","Deli item number (DEL...) but not coded DELI",""
"DEL0245","XanaLife Vanilla Passion Cake 1Kg","FOODSTUFFS","RETAIL","Set item category code to DELI","Deli item number (DEL...) but not coded DELI",""
"DEL0250","Bakeshed Oreo Sponge Cake","FOODSTUFFS","RETAIL","Set item category code to DELI","Deli item number (DEL...) but not coded DELI",""
"DEL0256","XanaLife Vanilla Lemon Cake 1Kg","FOODSTUFFS","RETAIL","Set item category code to DELI","Deli item number (DEL...) but not coded DELI",""
"DEL0259","XanaLife Pinacolada Cake 1kg","FOODSTUFFS","RETAIL","Set item category code to DELI","Deli item number (DEL...) but not coded DELI",""
"DEL0262","XanaLife Blueberry Cake 1Kg","FOODSTUFFS","RETAIL","Set item category code to DELI","Deli item number (DEL...) but not coded DELI",""
"FS0324","Xanalife Pizza Per Pc","FOODSTUFFS","RETAIL","Set item category code to DELI","Xana kitchen or bakery item (by name)",""
"FS0495","Xanalife Van Cake per Pc","FOODSTUFFS","RETAIL","Set item category code to DELI","Xana kitchen or bakery item (by name)",""
"FS0557","XanaLife Mutton Plata","FOODSTUFFS","RETAIL","Set item category code to DELI","Xana kitchen or bakery item (by name)",""
"FS0559","XanaLife Black Forest Cake 1 Kg","FOODSTUFFS","RETAIL","Set item category code to DELI","Xana kitchen or bakery item (by name)",""
"FS0560","XanaLife lemon Cake 1 Kg","FOODSTUFFS","RETAIL","Set item category code to DELI","Xana kitchen or bakery item (by name)",""
"FS0561","XanaLife Passion Cake 1Kg","FOODSTUFFS","RETAIL","Set item category code to DELI","Xana kitchen or bakery item (by name)",""
"FS0562","XanaLife Orange Cake 1 Kg","FOODSTUFFS","RETAIL","Set item category code to DELI","Xana kitchen or bakery item (by name)",""
"FS0601","XanaLife Green Peas Per Kg","FOODSTUFFS","RETAIL","Set item category code to DELI","Xana kitchen or bakery item (by name)",""
"FS0632","XanaLife Orange Vanilla Cake 2kg","FOODSTUFFS","","Set item category code to DELI","Xana kitchen or bakery item (by name)",""
"FS0700","XanaLife Swiss Roll Pc","FOODSTUFFS","RETAIL","Set item category code to DELI","Xana kitchen or bakery item (by name)",""
"FS0701","XanaLife Cream Muffins","FOODSTUFFS","RETAIL","Set item category code to DELI","Xana kitchen or bakery item (by name)",""
"FS0704","XanaLife Chapati Rolex Per Pc","FOODSTUFFS","RETAIL","Set item category code to DELI","Xana kitchen or bakery item (by name)",""
"FS0724","XanaLife Pizza Large +Large Offer","FOODSTUFFS","","Set item category code to DELI","Xana kitchen or bakery item (by name)",""
"FS0725","XanaLife Pizza Small +Small Offer","FOODSTUFFS","RETAIL","Set item category code to DELI","Xana kitchen or bakery item (by name)",""
"FS0726","XanaLife Pizza Medium +Medium Offer","FOODSTUFFS","RETAIL","Set item category code to DELI","Xana kitchen or bakery item (by name)",""
"FS0727","XanaLife Snack Pack 1","FOODSTUFFS","RETAIL","Set item category code to DELI","Xana kitchen or bakery item (by name)",""
"FS0728","XanaLife Snack Pack 2","FOODSTUFFS","RETAIL","Set item category code to DELI","Xana kitchen or bakery item (by name)",""
"FS0746","XanaLife Black Tea","FOODSTUFFS","RETAIL","Set item category code to DELI","Xana kitchen or bakery item (by name)",""
"FS0765","XanaLife Masala Tea","FOODSTUFFS","","Set item category code to DELI","Xana kitchen or bakery item (by name)",""
"FS0766","XanaLife Black Chocolate","FOODSTUFFS","","Set item category code to DELI","Xana kitchen or bakery item (by name)",""
"FS0767","XanaLife Lemon Tea","FOODSTUFFS","","Set item category code to DELI","Xana kitchen or bakery item (by name)",""
"FS0768","XanaLife Hot Milk Cup","FOODSTUFFS","","Set item category code to DELI","Xana kitchen or bakery item (by name)",""
"FS0769","XanaLife Black Coffee Single","FOODSTUFFS","","Set item category code to DELI","Xana kitchen or bakery item (by name)",""
"FS0770","XanaLife Black Coffee Double","FOODSTUFFS","","Set item category code to DELI","Xana kitchen or bakery item (by name)",""
"FS0783","XanaLife Fried Egg","FOODSTUFFS","RETAIL","Set item category code to DELI","Xana kitchen or bakery item (by name)",""
"FS0784","XanaLife Bhajia per kg","FOODSTUFFS","","Set item category code to DELI","Xana kitchen or bakery item (by name)",""
"FS0789","XanaLife Kaimati","FOODSTUFFS","RETAIL","Set item category code to DELI","Xana kitchen or bakery item (by name)",""
"FS0792","XanaLife Kaimati 5 Pcs","FOODSTUFFS","","Set item category code to DELI","Xana kitchen or bakery item (by name)",""
"FS0793","XanaLife Mahamri Pc","FOODSTUFFS","","Set item category code to DELI","Xana kitchen or bakery item (by name)",""
"FS0795","Xanalife Long Buns Pkt","FOODSTUFFS","RETAIL","Set item category code to DELI","Xana kitchen or bakery item (by name)",""
"FS0796","Xanalife Lemon Slice Cake (2kg)Slice","FOODSTUFFS","","Set item category code to DELI","Xana kitchen or bakery item (by name)",""
"FS0797","XanaLife Beef  Mixed Vegetables per Kg","FOODSTUFFS","RETAIL","Set item category code to DELI","Xana kitchen or bakery item (by name)",""
"FS0798","XanaLife Cashew Nut Rice Per Kg","FOODSTUFFS","RETAIL","Set item category code to DELI","Xana kitchen or bakery item (by name)",""
"FS0830","XanaLife  Beef choma sausages Pc","FOODSTUFFS","RETAIL","Set item category code to DELI","Xana kitchen or bakery item (by name)",""
"FS0853","XanaLife Hungarian pc","FOODSTUFFS","","Set item category code to DELI","Xana kitchen or bakery item (by name)",""
"FS0856","XanaLife Ugali + Greens + Matumbo Portion","FOODSTUFFS","RETAIL","Set item category code to DELI","Xana kitchen or bakery item (by name)",""
"FS0857","XanaLife Rice + Greens + Beans","FOODSTUFFS","RETAIL","Set item category code to DELI","Xana kitchen or bakery item (by name)",""
"FS0858","XanaLife Chapati + Greens + Beans","FOODSTUFFS","RETAIL","Set item category code to DELI","Xana kitchen or bakery item (by name)",""
"FS0868","XanaLife Vanilla Strawberry Cake 1kg","FOODSTUFFS","RETAIL","Set item category code to DELI","Xana kitchen or bakery item (by name)",""
"FS0887","XanaLife Chips Masala + Quarter Chicken +Guacamole","FOODSTUFFS","RETAIL","Set item category code to DELI","Xana kitchen or bakery item (by name)",""
"FS0888","XanaLife Chips + Quarter Chicken +Guacamole","FOODSTUFFS","RETAIL","Set item category code to DELI","Xana kitchen or bakery item (by name)",""
"FS0889","XanaLife Bhajia + Quarter Chicken +Guacamole","FOODSTUFFS","RETAIL","Set item category code to DELI","Xana kitchen or bakery item (by name)",""
"FS0892","XanaLife Hot Dog Pc","FOODSTUFFS","RETAIL","Set item category code to DELI","Xana kitchen or bakery item (by name)",""
"FS0893","XanaLife Strawberry Cake 1Kg","FOODSTUFFS","RETAIL","Set item category code to DELI","Xana kitchen or bakery item (by name)",""
"FS0907","XanaLife Orange Vanilla Cake 1Kg","FOODSTUFFS","RETAIL","Set item category code to DELI","Xana kitchen or bakery item (by name)",""
"FS0914","XanaLife Popcorns 60Gm","FOODSTUFFS","RETAIL","Set item category code to DELI","Xana kitchen or bakery item (by name)",""
"FS0915","XanaLife Rice + Greens + Matumbo","FOODSTUFFS","RETAIL","Set item category code to DELI","Xana kitchen or bakery item (by name)",""
"FS0916","XanaLife Family Platter","FOODSTUFFS","RETAIL","Set item category code to DELI","Xana kitchen or bakery item (by name)",""
"FS0917","XanaLife Snack Platter","FOODSTUFFS","RETAIL","Set item category code to DELI","Xana kitchen or bakery item (by name)",""
"FS0942","XanaLife Bites Pkt","FOODSTUFFS","","Set item category code to DELI","Xana kitchen or bakery item (by name)",""
"FV0144","XanaLife Smoothie 250Ml","FRUITS AND VEGETABLE","RETAIL","Set item category code to DELI","Xana kitchen or bakery item (by name)",""
"FV0146","XanaLife Mango Passion 500Ml","FRUITS AND VEGETABLE","RETAIL","Set item category code to DELI","Xana kitchen or bakery item (by name)",""
"FV0151","XanaLife Dawa Lime Ginger 500Ml","FRUITS AND VEGETABLE","RETAIL","Set item category code to DELI","Xana kitchen or bakery item (by name)",""
"FV0154","XanaLife Smoothie 500Ml","FRUITS AND VEGETABLE","RETAIL","Set item category code to DELI","Xana kitchen or bakery item (by name)",""
"SB0475","XanaLife Flavoured Popcorns 60Gm","FOODSTUFFS","RETAIL","Set item category code to DELI","Xana kitchen or bakery item (by name)",""
"SB0476","XanaLife Queen Cake 260Gm","FOODSTUFFS","RETAIL","Set item category code to DELI","Xana kitchen or bakery item (by name)",""
"DEL0201","Pigeon Peas per Kg","FOODSTUFFS","DELI","Remove DELI code","Packaged or raw grocery",""
"DEL0200","Coffee Cups With Sleeves 12 OZ 50 PCS","FOODSTUFFS","DELI","Remove DELI code and hide from website","Kitchen supply, packaging, staff item or voucher; not a customer product",""
"DEL0202","Duro Bag No 6","FOODSTUFFS","DELI","Remove DELI code and hide from website","Kitchen supply, packaging, staff item or voucher; not a customer product",""
"DEL0203","Duro Bag No 8","FOODSTUFFS","DELI","Remove DELI code and hide from website","Kitchen supply, packaging, staff item or voucher; not a customer product",""
"DEL0204","Duro Bag No 10","FOODSTUFFS","DELI","Remove DELI code and hide from website","Kitchen supply, packaging, staff item or voucher; not a customer product",""
"DEL0205","Duro Bag No 12","FOODSTUFFS","DELI","Remove DELI code and hide from website","Kitchen supply, packaging, staff item or voucher; not a customer product",""
"DEL0102","Safisha Tc Lav","SOAPS & DETERGENTS","RETAIL","Hide from website","Kitchen supply, packaging, staff item or voucher; not a customer product",""
"DEL0110","Tic Tac Spearmint 10.2Gm","FOODSTUFFS","RETAIL","Hide from website","Kitchen supply, packaging, staff item or voucher; not a customer product",""
"DEL0164","Xanalife Staff Chicken Stew","FOODSTUFFS","RETAIL","Hide from website","Kitchen supply, packaging, staff item or voucher; not a customer product",""
"DEL0187","JUICE 5L","FOODSTUFFS","RETAIL","Hide from website","Kitchen supply, packaging, staff item or voucher; not a customer product",""
"DEL0193","Raisings 12.5kg","FOODSTUFFS","RETAIL","Hide from website","Kitchen supply, packaging, staff item or voucher; not a customer product",""
"DEL0206","Wooden Table Spoons","FOODSTUFFS","RETAIL","Hide from website","Kitchen supply, packaging, staff item or voucher; not a customer product",""
"DEL0207","Cup & Dome Pierced Lid 100/500Ml","FOODSTUFFS","RETAIL","Hide from website","Kitchen supply, packaging, staff item or voucher; not a customer product",""
"DEL0208","Cup & Dome Pierced Lid 82/250Ml 10Pcs","FOODSTUFFS","RETAIL","Hide from website","Kitchen supply, packaging, staff item or voucher; not a customer product",""
"DEL0209","Paper Cup 12OZ White","FOODSTUFFS","RETAIL","Hide from website","Kitchen supply, packaging, staff item or voucher; not a customer product",""
"DEL0210","Paper Cup Lids 12OZ Black","FOODSTUFFS","RETAIL","Hide from website","Kitchen supply, packaging, staff item or voucher; not a customer product",""
"DEL0212","Paper Small Box 5*4*2","FOODSTUFFS","RETAIL","Hide from website","Kitchen supply, packaging, staff item or voucher; not a customer product",""
"DEL0213","Paper Large Box 8*6*2","FOODSTUFFS","RETAIL","Hide from website","Kitchen supply, packaging, staff item or voucher; not a customer product",""
"DEL0214","Paper Medium Box 7*5*2","FOODSTUFFS","RETAIL","Hide from website","Kitchen supply, packaging, staff item or voucher; not a customer product",""
"DEL0215","Paper Packing Box 5*5*4","FOODSTUFFS","RETAIL","Hide from website","Kitchen supply, packaging, staff item or voucher; not a customer product",""
"DEL0216","Paper Packing Box 10*10*4","FOODSTUFFS","RETAIL","Hide from website","Kitchen supply, packaging, staff item or voucher; not a customer product",""
"DEL0217","Paper Packing Box 12*12*4","FOODSTUFFS","RETAIL","Hide from website","Kitchen supply, packaging, staff item or voucher; not a customer product",""
"DEL0218","Gloves HDPE Disposable","FOODSTUFFS","RETAIL","Hide from website","Kitchen supply, packaging, staff item or voucher; not a customer product",""
"DEL0219","Tulip 15 x 15 Cm Blue","FOODSTUFFS","RETAIL","Hide from website","Kitchen supply, packaging, staff item or voucher; not a customer product",""
"DEL0220","Tulip 15 x15 Cm Brown","FOODSTUFFS","RETAIL","Hide from website","Kitchen supply, packaging, staff item or voucher; not a customer product",""
"DEL0221","Tulip 15 x 15 Cm Green","FOODSTUFFS","RETAIL","Hide from website","Kitchen supply, packaging, staff item or voucher; not a customer product",""
"DEL0222","Tulip 15 x 15 Cm White","FOODSTUFFS","RETAIL","Hide from website","Kitchen supply, packaging, staff item or voucher; not a customer product",""
"DEL0223","Tulip 15 x 15 Cm Yellow","FOODSTUFFS","RETAIL","Hide from website","Kitchen supply, packaging, staff item or voucher; not a customer product",""
"DEL0224","Techpak Clear Cups & Pierced Lids 500ml 10's","FOODSTUFFS","RETAIL","Hide from website","Kitchen supply, packaging, staff item or voucher; not a customer product",""
"DEL0226","Passion Fruit Crush 1L","FOODSTUFFS","RETAIL","Hide from website","Kitchen supply, packaging, staff item or voucher; not a customer product",""
"DEL0227","Mixed Berry Fruit Crush 1L","FOODSTUFFS","RETAIL","Hide from website","Kitchen supply, packaging, staff item or voucher; not a customer product",""
"DEL0228","Caramel Sauce 1L","FOODSTUFFS","RETAIL","Hide from website","Kitchen supply, packaging, staff item or voucher; not a customer product",""
"DEL0229","Vanilla Syrup 1L","FOODSTUFFS","RETAIL","Hide from website","Kitchen supply, packaging, staff item or voucher; not a customer product",""
"DEL0230","Grenadine Syrup 750Ml","FOODSTUFFS","RETAIL","Hide from website","Kitchen supply, packaging, staff item or voucher; not a customer product",""
"DEL0237","Round Cake Base (2kg) 12""","FOODSTUFFS","RETAIL","Hide from website","Kitchen supply, packaging, staff item or voucher; not a customer product",""
"DEL0238","Round Cake Base (1kg) 10""","FOODSTUFFS","RETAIL","Hide from website","Kitchen supply, packaging, staff item or voucher; not a customer product",""
"DEL0239","Piping Bags Size 4-46","FOODSTUFFS","RETAIL","Hide from website","Kitchen supply, packaging, staff item or voucher; not a customer product",""
"DEL0240","Piping Bags Size 5-50","FOODSTUFFS","RETAIL","Hide from website","Kitchen supply, packaging, staff item or voucher; not a customer product",""
"DEL0246","Baking Paper 2-Sided Silicone 500mm*750mm","FOODSTUFFS","RETAIL","Hide from website","Kitchen supply, packaging, staff item or voucher; not a customer product",""
"DEL0247","Desiccated Coconut, High Fat, Fine Grade","FOODSTUFFS","RETAIL","Hide from website","Kitchen supply, packaging, staff item or voucher; not a customer product",""
"DEL0248","Straberry Flavour (Colour) 5L","FOODSTUFFS","RETAIL","Hide from website","Kitchen supply, packaging, staff item or voucher; not a customer product",""
"DEL0249","Passion Flavour (Colour) 5L","FOODSTUFFS","RETAIL","Hide from website","Kitchen supply, packaging, staff item or voucher; not a customer product",""
"DEL0251","Bakeshed Oreo Muffin Premix","FOODSTUFFS","RETAIL","Hide from website","Kitchen supply, packaging, staff item or voucher; not a customer product",""
"DEL0252","Bakeshed Whips 10Kg","FOODSTUFFS","RETAIL","Hide from website","Kitchen supply, packaging, staff item or voucher; not a customer product",""
"DEL0253","Piping Gel Caramel","FOODSTUFFS","RETAIL","Hide from website","Kitchen supply, packaging, staff item or voucher; not a customer product",""
"DEL0254","Caramel Liquid 30Kg","FOODSTUFFS","RETAIL","Hide from website","Kitchen supply, packaging, staff item or voucher; not a customer product",""
"DEL0255","Tulip 15 x 15 Cm Red","FOODSTUFFS","RETAIL","Hide from website","Kitchen supply, packaging, staff item or voucher; not a customer product",""
"DEL0261","Bakers Oven Gloves","FOODSTUFFS","RETAIL","Hide from website","Kitchen supply, packaging, staff item or voucher; not a customer product",""
"DEL0263","Sphore Balls","FOODSTUFFS","RETAIL","Hide from website","Kitchen supply, packaging, staff item or voucher; not a customer product",""
"DEL0264","Butterfly Topper","FOODSTUFFS","RETAIL","Hide from website","Kitchen supply, packaging, staff item or voucher; not a customer product",""
"DEL0265","Sonic Topper","FOODSTUFFS","RETAIL","Hide from website","Kitchen supply, packaging, staff item or voucher; not a customer product",""
"DEL0266","Cocomelon Topper","FOODSTUFFS","RETAIL","Hide from website","Kitchen supply, packaging, staff item or voucher; not a customer product",""
"DEL0267","Gold Peach","FOODSTUFFS","RETAIL","Hide from website","Kitchen supply, packaging, staff item or voucher; not a customer product",""
"DEL0268","Egg Yellow - Drum","FOODSTUFFS","RETAIL","Hide from website","Kitchen supply, packaging, staff item or voucher; not a customer product",""
"FS0299","XanaLife Beef  Stew Staff","FOODSTUFFS","RETAIL","Hide from website","Kitchen supply, packaging, staff item or voucher; not a customer product",""
"FS0300","Xanalife Pilau /Rice Staff","FOODSTUFFS","RETAIL","Hide from website","Kitchen supply, packaging, staff item or voucher; not a customer product",""
"FS0398","XanaLife Gift Voucher Ksh1000","FOODSTUFFS","RETAIL","Hide from website","Kitchen supply, packaging, staff item or voucher; not a customer product",""
"FS0399","XanaLife Gift Voucher Ksh 2000","FOODSTUFFS","RETAIL","Hide from website","Kitchen supply, packaging, staff item or voucher; not a customer product",""
"FS0400","XanaLife Gift Voucher Ksh 5000","FOODSTUFFS","RETAIL","Hide from website","Kitchen supply, packaging, staff item or voucher; not a customer product",""
"FS0401","XanaLife Gift Voucher Ksh 3000","FOODSTUFFS","RETAIL","Hide from website","Kitchen supply, packaging, staff item or voucher; not a customer product",""
"FS0520","XanaLife Used Oil per Litres","FOODSTUFFS","RETAIL","Hide from website","Kitchen supply, packaging, staff item or voucher; not a customer product",""
"DEL0195","Xanalife Queen cakes Coconut 6PK","FOODSTUFFS","DELI","No change (already Deli)","Deli item number (DEL...) but not coded DELI",""
"DEL0196","XanalIfe Queen cakes Orange 6PK","FOODSTUFFS","DELI","No change (already Deli)","Deli item number (DEL...) but not coded DELI",""
"DEL0197","XanalIfe Queen cakes Lemon 6PK","FOODSTUFFS","DELI","No change (already Deli)","Deli item number (DEL...) but not coded DELI",""
"DEL0241","Xanalife Queencake Strb 6pk","FOODSTUFFS","DELI","No change (already Deli)","Deli item number (DEL...) but not coded DELI",""
"DEL0242","Xanalife Queencakes Vanilla 6pk","FOODSTUFFS","DELI","No change (already Deli)","Deli item number (DEL...) but not coded DELI",""
"DEL0243","Xanalife Strb Block","FOODSTUFFS","DELI","No change (already Deli)","Deli item number (DEL...) but not coded DELI",""
"DEL0127","Fresh Turmeric","FOODSTUFFS","RETAIL","No change (stays Retail)","Packaged or raw grocery",""
"DEL0165","XanaLife Bread Crumbs 1Kg","FOODSTUFFS","RETAIL","No change (stays Retail)","Packaged or raw grocery",""
"FS0203","XanaLife Loose Eggs Crate 30Pcs","FOODSTUFFS","RETAIL","No change (stays Retail)","Packaged or raw grocery",""
"FS0506","XanaLife Eggs Packed 30","FOODSTUFFS","RETAIL","No change (stays Retail)","Packaged or raw grocery",""
"FS0507","XanaLife  Eggs Packed 15","FOODSTUFFS","RETAIL","No change (stays Retail)","Packaged or raw grocery",""
"FS0508","XanaLife Eggs Packed  6","FOODSTUFFS","RETAIL","No change (stays Retail)","Packaged or raw grocery",""
"FS0607","Xanalife Brown Sugar 2kg","FOODSTUFFS","SUGAR","No change (stays Retail)","Packaged or raw grocery",""
"FS0608","Xanalife Brown Sugar 2kg x10pcs","FOODSTUFFS","SUGAR","No change (stays Retail)","Packaged or raw grocery",""
"FS0744","Xanalife Brown Sugar 1Kg","FOODSTUFFS","RETAIL","No change (stays Retail)","Packaged or raw grocery",""
"FS0745","Xanalife Brown Sugar 1Kg Bale 20Pcs","FOODSTUFFS","RETAIL","No change (stays Retail)","Packaged or raw grocery",""
